"key","name","span","fixVersion"
"KS-3487","Development Started","0,266083333333333","Smart v4.5.01"
"KS-3487","Development Completed","0,061","Smart v4.5.01"
"KS-3487","Approved","0,02885","Smart v4.5.01"
"KS-3487","Testing started","0,0309166666666667","Smart v4.5.01"
"KS-3486","Development Started","41,4825166666667","Smart v4.5.01"
"KS-3486","Issue Specified","1594,63758333333","Smart v4.5.01"
"KS-3482","Development Started","1705,39723333333","Smart v4.5.01"
"KS-3481","Development Started","0,497216666666667","Smart v4.5.01"
"KS-3481","Development Completed","3,2579","Smart v4.5.01"
"KS-3481","Approved","91,2171666666667","Smart v4.5.01"
"KS-3481","Testing started","1539,87243333333","Smart v4.5.01"
"KS-3480","Development Started","232,041916666667","Smart v4.5.01"
"KS-3479","Development Started","0,0740333333333333","Smart v4.5.01"
"KS-3474","Development Started","49,5423833333333","Smart v4.4.09"
"KS-3474","In Progress","110,267366666667","Smart v4.4.09"
"KS-3474","Development Completed","30,1100333333333","Smart v4.4.09"
"KS-3474","Deploying","1321,80753333333","Smart v4.4.09"
"KS-3474","Approved","1,13041666666667","Smart v4.4.09"
"KS-3474","Testing started","14,5778","Smart v4.4.09"
"KS-3471","Development Started","50,8581","Smart v4.5.01"
"KS-3471","Development Completed","2,96146666666667","Smart v4.5.01"
"KS-3471","Deploying","1289,98226666667","Smart v4.5.01"
"KS-3471","Approved","48,8607833333333","Smart v4.5.01"
"KS-3471","Testing started","63,8491833333333","Smart v4.5.01"
"KS-3466","Development Started","1864,33478333333","Smart v4.5.01"
"KS-3466","In Progress","35,9205","Smart v4.5.01"
"KS-3465","Development Started","67,0584166666667","Smart v4.5.01"
"KS-3464","Development Started","0,384216666666667","Smart v4.5.01"
"KS-3464","Development Completed","3821,28325","Smart v4.5.01"
"KS-3464","Approved","0,0565333333333333","Smart v4.5.01"
"KS-3464","Testing started","0,0716333333333333","Smart v4.5.01"
"KS-3459","Suspended","1145,17963333333","Smart v4.5.01"
"KS-3459","Issue Specified","8,50691666666667","Smart v4.5.01"
"KS-3459","Development Started","0,421983333333333","Smart v4.5.01"
"KS-3459","Development Completed","0,784383333333333","Smart v4.5.01"
"KS-3459","Approved","216,27575","Smart v4.5.01"
"KS-3459","Testing started","0,0224333333333333","Smart v4.5.01"
"KS-3455","Development Started","0,292233333333333","Smart v4.5.01"
"KS-3451","Development Started","1722,97146666667","Smart v4.5.01"
"KS-3449","Development Started","29,5876166666667","Smart v4.6.01"
"KS-3449","In Progress","101,102716666667","Smart v4.6.01"
"KS-3449","Development Completed","2485,46783333333","Smart v4.6.01"
"KS-3443","Development Started","1279,28845","Smart v5"
"KS-3440","Development Started","20,8213833333333","Smart v4.5.01"
"KS-3440","Development Completed","2597,81438333333","Smart v4.5.01"
"KS-3439","Development Started","0,507416666666667","Smart v4.6.01"
"KS-3437","Development Started","81,71965","Smart v5"
"KS-3437","In Progress","49,7565333333333","Smart v5"
"KS-3437","Development Started","966,8818","Smart v5"
"KS-3436","Development Started","1449,08861666667","Smart v4.5.01"
"KS-3432","Development Started","377,848733333333","Smart v4.5.01"
"KS-3432","In Progress","4153,81776666667","Smart v4.5.01"
"KS-3432","Development Started","42,4020166666667","Smart v4.5.01"
"KS-3432","In Progress","101,160966666667","Smart v4.5.01"
"KS-3432","Development Completed","9,21308333333333","Smart v4.5.01"
"KS-3432","Deploying","101,221883333333","Smart v4.5.01"
"KS-3432","Approved","999,53525","Smart v4.5.01"
"KS-3432","Testing started","70,1292","Smart v4.5.01"
"KS-3431","Development Started","0,05535","Smart v4.5.01"
"KS-3431","In Progress","29,4963833333333","Smart v4.5.01"
"KS-3431","Development Completed","1091,91121666667","Smart v4.5.01"
"KS-3431","Development Started","5978,85346666667","Smart v4.5.01"
"KS-3431","Development Completed","2676,06876666667","Smart v4.5.01"
"KS-3431","Deploying","1275,3396","Smart v4.5.01"
"KS-3430","Development Started","5,22131666666667","Smart v4.5.01"
"KS-3430","Development Completed","4265,1975","Smart v4.5.01"
"KS-3430","Deploying","137,69635","Smart v4.5.01"
"KS-3430","Approved","978,571916666667","Smart v4.5.01"
"KS-3430","Testing started","18,7116666666667","Smart v4.5.01"
"KS-3429","Development Started","1311,67606666667","Smart v4.5.01"
"KS-3429","In Progress","244,821216666667","Smart v4.5.01"
"KS-3429","Development Completed","8,53385","Smart v4.5.01"
"KS-3429","Deploying","4106,01025","Smart v4.5.01"
"KS-3426","Development Started","8660,61868333333","Smart v5"
"KS-3424","Development Started","0,34875","Smart v5"
"KS-3424","Development Completed","5577,31438333333","Smart v5"
"KS-3421","Development Started","0,732033333333333","Smart v4.5.01"
"KS-3421","In Progress","183,5619","Smart v4.5.01"
"KS-3421","Development Completed","1456,34788333333","Smart v4.5.01"
"KS-3421","Deploying","4107,21036666667","Smart v4.5.01"
"KS-3421","Approved","81,7951","Smart v4.5.01"
"KS-3421","Testing started","148,984116666667","Smart v4.5.01"
"KS-3419","Development Started","17,4272166666667","Smart v4.5.01"
"KS-3419","In Progress","9,57458333333333","Smart v4.5.01"
"KS-3419","Development Completed","1044,06966666667","Smart v4.5.01"
"KS-3419","Deploying","0,697416666666667","Smart v4.5.01"
"KS-3419","Approved","1407,60466666667","Smart v4.5.01"
"KS-3419","Testing started","33,37155","Smart v4.5.01"
"KS-3419","Approved","28,9174333333333","Smart v4.5.01"
"KS-3419","Testing started","9,07606666666667","Smart v4.5.01"
"KS-3416","Development Started","0,06725","Smart v4.5.01"
"KS-3416","In Progress","3123,23705","Smart v4.5.01"
"KS-3416","Development Completed","4278,74766666667","Smart v4.5.01"
"KS-3416","Approved","0,0603666666666667","Smart v4.5.01"
"KS-3416","Testing started","0,0336833333333333","Smart v4.5.01"
"KS-3415","Development Started","52,9676666666667","Smart v4.5.01"
"KS-3415","In Progress","1578,25021666667","Smart v4.5.01"
"KS-3415","Development Started","14,8720166666667","Smart v4.5.01"
"KS-3415","Development Completed","7,86711666666667","Smart v4.5.01"
"KS-3415","Deploying","4093,18141666667","Smart v4.5.01"
"KS-3415","Approved","1474,7845","Smart v4.5.01"
"KS-3415","Testing started","64,9992666666667","Smart v4.5.01"
"KS-3412","Development Started","1076,78006666667","Smart v4.5.01"
"KS-3412","In Progress","13,917","Smart v4.5.01"
"KS-3412","Development Completed","1373,41203333333","Smart v4.5.01"
"KS-3412","Approved","0,059","Smart v4.5.01"
"KS-3412","Testing started","190,328983333333","Smart v4.5.01"
"KS-3412","Approved","1405,477","Smart v4.5.01"
"KS-3412","Testing started","0,102816666666667","Smart v4.5.01"
"KS-3412","Testing completed","0,3753","Smart v4.5.01"
"KS-3409","Development Started","30,3787166666667","Smart v4.5.01"
"KS-3409","In Progress","106,376833333333","Smart v4.5.01"
"KS-3409","Development Completed","1047,05775","Smart v4.5.01"
"KS-3409","Approved","0,19415","Smart v4.5.01"
"KS-3409","Testing started","0,0410333333333333","Smart v4.5.01"
"KS-3407","Development Started","48,3158333333333","Smart v4.5.01"
"KS-3407","In Progress","185,395033333333","Smart v4.5.01"
"KS-3407","Development Completed","2787,72625","Smart v4.5.01"
"KS-3407","Deploying","4090,72263333333","Smart v4.5.01"
"KS-3407","Approved","98,0595","Smart v4.5.01"
"KS-3407","Testing started","1379,71176666667","Smart v4.5.01"
"KS-3405","Development Started","331,381533333333","Smart v4.6.01"
"KS-3403","Development Started","4,20248333333333","Smart v4.5.01"
"KS-3403","Development Completed","15,1082","Smart v4.5.01"
"KS-3403","Approved","0,0314833333333333","Smart v4.5.01"
"KS-3403","Testing started","0,03225","Smart v4.5.01"
"KS-3403","Testing completed","0,27065","Smart v4.5.01"
"KS-3402","Development Started","1469,0013","Smart v4.5.01"
"KS-3402","In Progress","6,88948333333333","Smart v4.5.01"
"KS-3402","Development Completed","3042,29638333333","Smart v4.5.01"
"KS-3402","Deploying","4095,62505","Smart v4.5.01"
"KS-3402","Approved","1559,69315","Smart v4.5.01"
"KS-3402","Testing started","1589,40446666667","Smart v4.5.01"
"KS-3402","Approved","22,4255","Smart v4.5.01"
"KS-3402","Testing started","0,08315","Smart v4.5.01"
"KS-3402","Development Started","1374,9153","Smart v4.5.01"
"KS-3402","Development Completed","0,0531833333333333","Smart v4.5.01"
"KS-3401","Development Started","88,93845","Smart v4.5.01"
"KS-3401","Development Completed","10118,8248833333","Smart v4.5.01"
"KS-3401","Approved","0,1607","Smart v4.5.01"
"KS-3401","Testing started","0,0525833333333333","Smart v4.5.01"
"KS-3399","Development Started","9,0146","Smart v4.5.01"
"KS-3399","Development Completed","0,180966666666667","Smart v4.5.01"
"KS-3399","Deploying","990,208616666667","Smart v4.5.01"
"KS-3399","Approved","92,67065","Smart v4.5.01"
"KS-3399","Testing started","97,647","Smart v4.5.01"
"KS-3386","Development Started","0,0982666666666667","Smart v4.6.01"
"KS-3386","In Progress","1200,97311666667","Smart v4.6.01"
"KS-3386","Development Completed","1289,52276666667","Smart v4.6.01"
"KS-3386","Approved","0,06745","Smart v4.6.01"
"KS-3386","Testing started","0,0502166666666667","Smart v4.6.01"
"KS-3385","Development Started","1482,6297","Smart v4.5.01"
"KS-3385","In Progress","19,2515","Smart v4.5.01"
"KS-3385","Development Completed","1,96058333333333","Smart v4.5.01"
"KS-3385","Development Started","0,03865","Smart v4.5.01"
"KS-3385","In Progress","13,6165333333333","Smart v4.5.01"
"KS-3385","Development Completed","1141,12376666667","Smart v4.5.01"
"KS-3385","Deploying","1408,01118333333","Smart v4.5.01"
"KS-3385","Approved","3,62948333333333","Smart v4.5.01"
"KS-3385","Testing started","50,8403833333333","Smart v4.5.01"
"KS-3384","Development Started","9978,70621666667","Smart v4.5.01"
"KS-3384","In Progress","4,2752","Smart v4.5.01"
"KS-3383","Development Started","0,86845","Smart v4.6.01"
"KS-3383","Development Completed","2387,6154","Smart v4.6.01"
"KS-3383","Approved","0,0848333333333333","Smart v4.6.01"
"KS-3383","Testing started","0,06235","Smart v4.6.01"
"KS-3381","Development Started","5910,91666666667","Smart v4.6.01"
"KS-3380","Development Started","4390,12916666667","Smart v4.6.01"
"KS-3380","Development Completed","7191,2357","Smart v4.6.01"
"KS-3380","Approved","0,0887833333333333","Smart v4.6.01"
"KS-3380","Testing started","0,0803","Smart v4.6.01"
"KS-3377","Development Started","0,0321166666666667","Smart v4.5.01"
"KS-3377","In Progress","1,325","Smart v4.5.01"
"KS-3377","Development Completed","104,350066666667","Smart v4.5.01"
"KS-3377","Development Started","18,7239666666667","Smart v4.5.01"
"KS-3377","Development Completed","6754,14711666667","Smart v4.5.01"
"KS-3377","Deploying","1630,74928333333","Smart v4.5.01"
"KS-3377","Approved","0,113266666666667","Smart v4.5.01"
"KS-3377","Testing started","0,108116666666667","Smart v4.5.01"
"KS-3373","Development Started","0,376066666666667","Smart v4.4.06"
"KS-3373","Development Completed","0,351983333333333","Smart v4.4.06"
"KS-3373","Approved","319,177816666667","Smart v4.4.06"
"KS-3373","Testing started","0,0320333333333333","Smart v4.4.06"
"KS-3372","Development Started","40,0208","Smart v4.5.01"
"KS-3372","In Progress","1215,20221666667","Smart v4.5.01"
"KS-3372","Development Completed","0,0505666666666667","Smart v4.5.01"
"KS-3372","Deploying","5647,71705","Smart v4.5.01"
"KS-3372","Approved","304,304433333333","Smart v4.5.01"
"KS-3372","Testing started","485,95255","Smart v4.5.01"
"KS-3371","Development Started","0,3956","Smart v4.6.01"
"KS-3371","Development Completed","1143,96931666667","Smart v4.6.01"
"KS-3371","Deploying","7091,23138333333","Smart v4.6.01"
"KS-3371","Approved","0,06265","Smart v4.6.01"
"KS-3371","Testing started","0,0596833333333333","Smart v4.6.01"
"KS-3370","Development Started","221,494333333333","Smart v4.5.01"
"KS-3370","In Progress","0,342483333333333","Smart v4.5.01"
"KS-3370","Development Completed","11440,4146666667","Smart v4.5.01"
"KS-3370","Deploying","4092,52641666667","Smart v4.5.01"
"KS-3370","Approved","302,4647","Smart v4.5.01"
"KS-3370","Testing started","59,9221166666667","Smart v4.5.01"
"KS-3369","Development Started","164,220766666667","Smart v4.6.01"
"KS-3369","In Progress","90,2097","Smart v4.6.01"
"KS-3369","Development Completed","11499,07425","Smart v4.6.01"
"KS-3368","Development Started","4,18203333333333","Smart v4.5.01"
"KS-3368","In Progress","7033,21618333333","Smart v4.5.01"
"KS-3368","Development Completed","98,4802833333333","Smart v4.5.01"
"KS-3368","Deploying","1093,63796666667","Smart v4.5.01"
"KS-3368","Approved","191,58675","Smart v4.5.01"
"KS-3368","Testing started","139,432783333333","Smart v4.5.01"
"KS-3367","Development Started","5549,3457","Smart v4.6.01"
"KS-3367","In Progress","0,377566666666667","Smart v4.6.01"
"KS-3367","Development Completed","10151,0198666667","Smart v4.6.01"
"KS-3366","Development Started","7219,69546666667","Smart v4.5.01"
"KS-3366","Development Completed","1120,49798333333","Smart v4.5.01"
"KS-3366","Deploying","1563,52598333333","Smart v4.5.01"
"KS-3366","Approved","7213,32543333333","Smart v4.5.01"
"KS-3366","Testing started","73,0292666666667","Smart v4.5.01"
"KS-3366","Testing completed","9,7572","Smart v4.5.01"
"KS-3365","Development Started","62,3498333333333","Smart v4.5.01"
"KS-3365","In Progress","1660,15026666667","Smart v4.5.01"
"KS-3365","Development Completed","2,71586666666667","Smart v4.5.01"
"KS-3365","Deploying","1037,191","Smart v4.5.01"
"KS-3365","Approved","4571,56621666667","Smart v4.5.01"
"KS-3365","Testing started","21,7424833333333","Smart v4.5.01"
"KS-3364","Development Started","1146,95621666667","Smart v4.4.09"
"KS-3364","In Progress","249,746283333333","Smart v4.4.09"
"KS-3364","Development Started","73,3693166666667","Smart v4.4.09"
"KS-3364","In Progress","1149,4572","Smart v4.4.09"
"KS-3364","Development Completed","21,8673166666667","Smart v4.4.09"
"KS-3364","Deploying","47,5363833333333","Smart v4.4.09"
"KS-3364","Approved","0,830966666666667","Smart v4.4.09"
"KS-3364","Testing started","102,957333333333","Smart v4.4.09"
"KS-3361","Development Started","22733,0915833333","Smart v4.5.01"
"KS-3361","In Progress","98,3948","Smart v4.5.01"
"KS-3361","Development Started","2561,12805","Smart v4.5.01"
"KS-3361","In Progress","3,03468333333333","Smart v4.5.01"
"KS-3360","Development Started","14,4086","Smart v4.5.01"
"KS-3360","Development Completed","16,91205","Smart v4.5.01"
"KS-3360","Deploying","2477,14143333333","Smart v4.5.01"
"KS-3360","Approved","10,6495333333333","Smart v4.5.01"
"KS-3360","Testing started","27,2068666666667","Smart v4.5.01"
"KS-3359","Development Started","5550,16043333333","Smart v4.6.01"
"KS-3359","In Progress","1,13595","Smart v4.6.01"
"KS-3357","Development Started","13,7902166666667","Smart v4.5.01"
"KS-3357","Development Completed","7097,43148333333","Smart v4.5.01"
"KS-3357","Approved","4576,34413333333","Smart v4.5.01"
"KS-3357","Development Started","0,0321833333333333","Smart v4.5.01"
"KS-3357","Issue Specified","0,194833333333333","Smart v4.5.01"
"KS-3355","Development Started","2867,60095","Smart v4.5.01"
"KS-3355","Issue Specified","1447,63218333333","Smart v4.5.01"
"KS-3355","Development Started","0,0399","Smart v4.5.01"
"KS-3355","In Progress","4663,56501666667","Smart v4.5.01"
"KS-3355","Development Started","966,320083333333","Smart v4.5.01"
"KS-3355","In Progress","4720,83588333333","Smart v4.5.01"
"KS-3355","Development Completed","4188,17198333333","Smart v4.5.01"
"KS-3355","Deploying","167,153933333333","Smart v4.5.01"
"KS-3355","Approved","1054,40745","Smart v4.5.01"
"KS-3355","Testing started","48,6118166666667","Smart v4.5.01"
"KS-3354","Development Started","1370,17165","Smart v4.6.01"
"KS-3354","Issue Specified","276,700466666667","Smart v4.6.01"
"KS-3354","Development Started","30,14025","Smart v4.6.01"
"KS-3354","In Progress","5633,70991666667","Smart v4.6.01"
"KS-3354","Development Completed","5633,42251666667","Smart v4.6.01"
"KS-3354","Development Started","24,5896833333333","Smart v4.6.01"
"KS-3354","Development Completed","5,83056666666667","Smart v4.6.01"
"KS-3351","Development Started","32,598","Smart v4.5.01"
"KS-3351","In Progress","5480,3351","Smart v4.5.01"
"KS-3351","Development Completed","0,283033333333333","Smart v4.5.01"
"KS-3351","Deploying","1429,06445","Smart v4.5.01"
"KS-3351","Approved","431,1539","Smart v4.5.01"
"KS-3351","Testing started","934,781383333333","Smart v4.5.01"
"KS-3350","Development Started","288,4187","Smart v4.5.01"
"KS-3350","Development Completed","1,02616666666667","Smart v4.5.01"
"KS-3350","Deploying","83,8528166666667","Smart v4.5.01"
"KS-3350","Approved","1147,65781666667","Smart v4.5.01"
"KS-3350","Testing started","0,0699833333333333","Smart v4.5.01"
"KS-3350","Development Started","1416,04923333333","Smart v4.5.01"
"KS-3350","In Progress","0,44145","Smart v4.5.01"
"KS-3350","Development Completed","37,5189333333333","Smart v4.5.01"
"KS-3350","Deploying","55,4071833333333","Smart v4.5.01"
"KS-3350","Approved","1350,1637","Smart v4.5.01"
"KS-3350","Testing started","89,5156333333333","Smart v4.5.01"
"KS-3349","Development Started","4618,83763333333","Smart v4.5.01"
"KS-3349","In Progress","3,8829","Smart v4.5.01"
"KS-3349","Development Completed","2528,63348333333","Smart v4.5.01"
"KS-3349","Deploying","115,5687","Smart v4.5.01"
"KS-3349","Approved","12805,7209333333","Smart v4.5.01"
"KS-3348","Development Started","1491,0604","Smart v4.5.01"
"KS-3348","Development Completed","6810,0812","Smart v4.5.01"
"KS-3348","Deploying","122,24625","Smart v4.5.01"
"KS-3348","Approved","174,001233333333","Smart v4.5.01"
"KS-3348","Testing started","0,130333333333333","Smart v4.5.01"
"KS-3348","Testing completed","1125,22283333333","Smart v4.5.01"
"KS-3348","Testing started","0,1081","Smart v4.5.01"
"KS-3348","Development Started","369,18295","Smart v4.5.01"
"KS-3348","Development Completed","986,549133333333","Smart v4.5.01"
"KS-3348","Deploying","5746,64648333333","Smart v4.5.01"
"KS-3348","Approved","206,44555","Smart v4.5.01"
"KS-3348","Testing started","204,511566666667","Smart v4.5.01"
"KS-3346","Development Started","105,477333333333","Smart v4.5.01"
"KS-3346","In Progress","1343,89786666667","Smart v4.5.01"
"KS-3346","Development Completed","4579,25633333333","Smart v4.5.01"
"KS-3346","Development Started","1203,47325","Smart v4.5.01"
"KS-3346","Closed","0,1554","Smart v4.5.01"
"KS-3346","Development Started","0,157233333333333","Smart v4.5.01"
"KS-3345","Development Started","126,754216666667","Smart v4.5.01"
"KS-3345","In Progress","1513,67746666667","Smart v4.5.01"
"KS-3345","Issue Specified","0,0840166666666667","Smart v4.5.01"
"KS-3345","Development Started","11,2574833333333","Smart v4.5.01"
"KS-3345","Development Completed","4320,01688333333","Smart v4.5.01"
"KS-3345","Approved","90,7793","Smart v4.5.01"
"KS-3345","Testing started","25,8521166666667","Smart v4.5.01"
"KS-3345","Development Started","4,78395","Smart v4.5.01"
"KS-3345","Development Completed","0,0905833333333333","Smart v4.5.01"
"KS-3345","Deploying","2580,82055","Smart v4.5.01"
"KS-3345","Approved","1673,1336","Smart v4.5.01"
"KS-3345","Testing started","1316,9939","Smart v4.5.01"
"KS-3344","Development Started","1398,26725","Smart v4.4.05"
"KS-3344","In Progress","120,730083333333","Smart v4.4.05"
"KS-3344","Development Completed","3,75388333333333","Smart v4.4.05"
"KS-3344","Deploying","61,4119166666667","Smart v4.4.05"
"KS-3344","Approved","115,540066666667","Smart v4.4.05"
"KS-3344","Testing started","2,61226666666667","Smart v4.4.05"
"KS-3341","Development Started","31,1225166666667","Smart v4.4.04"
"KS-3341","In Progress","0,290233333333333","Smart v4.4.04"
"KS-3341","Development Completed","1537,11488333333","Smart v4.4.04"
"KS-3341","Approved","146,634116666667","Smart v4.4.04"
"KS-3341","Testing started","0,04315","Smart v4.4.04"
"KS-3337","Development Started","1535,29745","Smart v4.4.04"
"KS-3337","In Progress","27,3538166666667","Smart v4.4.04"
"KS-3337","Development Completed","90,43615","Smart v4.4.04"
"KS-3337","Approved","80,2267166666667","Smart v4.4.04"
"KS-3337","Testing started","38,7662333333333","Smart v4.4.04"
"KS-3333","Development Started","1427,3973","Smart v4.4.06"
"KS-3333","In Progress","7225,35835","Smart v4.4.06"
"KS-3333","Suspended","1403,4298","Smart v4.4.06"
"KS-3333","Development Completed","317,888266666667","Smart v4.4.06"
"KS-3333","Approved","0,0524","Smart v4.4.06"
"KS-3333","Testing started","0,0418","Smart v4.4.06"
"KS-3333","Testing completed","0,0419666666666667","Smart v4.4.06"
"KS-3333","Testing started","0,0598","Smart v4.4.06"
"KS-3333","Development Started","1045,5022","Smart v4.4.06"
"KS-3333","Development Completed","7,87235","Smart v4.4.06"
"KS-3333","Deploying","89,14065","Smart v4.4.06"
"KS-3333","Approved","0,0564166666666667","Smart v4.4.06"
"KS-3333","Testing started","120,254683333333","Smart v4.4.06"
"KS-3331","Development Started","201,23505","Smart v4.6.01"
"KS-3331","Development Completed","4217,8114","Smart v4.6.01"
"KS-3325","Development Started","3021,23026666667","Smart v4.4.05"
"KS-3325","In Progress","0,241533333333333","Smart v4.4.05"
"KS-3325","Issue Specified","0,0380333333333333","Smart v4.4.05"
"KS-3325","Development Started","5459,02508333333","Smart v4.4.05"
"KS-3325","In Progress","23,4260666666667","Smart v4.4.05"
"KS-3325","Development Completed","4,91253333333333","Smart v4.4.05"
"KS-3325","Deploying","221,688083333333","Smart v4.4.05"
"KS-3325","Approved","0,0622333333333333","Smart v4.4.05"
"KS-3325","Testing started","0,0323166666666667","Smart v4.4.05"
"KS-3320","Development Started","1288,78523333333","Smart v4.4.04"
"KS-3320","In Progress","2670,2269","Smart v4.4.04"
"KS-3320","Development Completed","8,30815","Smart v4.4.04"
"KS-3320","Deploying","19,4620333333333","Smart v4.4.04"
"KS-3320","Approved","112,35035","Smart v4.4.04"
"KS-3320","Testing started","0,724133333333333","Smart v4.4.04"
"KS-3315","Development Started","1125,35241666667","Smart v4.4.04"
"KS-3315","In Progress","260,865383333333","Smart v4.4.04"
"KS-3315","Issue Specified","0,0344166666666667","Smart v4.4.04"
"KS-3315","Development Started","97,3938833333333","Smart v4.4.04"
"KS-3315","In Progress","1081,59071666667","Smart v4.4.04"
"KS-3315","Development Completed","43,9387666666667","Smart v4.4.04"
"KS-3315","Deploying","6,2863","Smart v4.4.04"
"KS-3315","Approved","23,5940166666667","Smart v4.4.04"
"KS-3315","Testing started","115,606833333333","Smart v4.4.04"
"KS-3312","Development Started","1603,51216666667","Smart v4.4.04"
"KS-3312","Development Completed","1,92211666666667","Smart v4.4.04"
"KS-3312","Deploying","0,110416666666667","Smart v4.4.04"
"KS-3312","Approved","139,925466666667","Smart v4.4.04"
"KS-3312","Development Completed","0,0494166666666667","Smart v4.4.04"
"KS-3312","Development Started","1131,48118333333","Smart v4.4.04"
"KS-3312","Development Completed","28,92405","Smart v4.4.04"
"KS-3312","Approved","41,8073","Smart v4.4.04"
"KS-3312","Testing started","59,0593","Smart v4.4.04"
"KS-3312","Approved","0,0344333333333333","Smart v4.4.04"
"KS-3312","Development Completed","48,38415","Smart v4.4.04"
"KS-3312","Approved","13,40975","Smart v4.4.04"
"KS-3312","Testing started","1214,66525","Smart v4.4.04"
"KS-3311","Development Started","4039,06693333333","Smart v5"
"KS-3311","In Progress","11550,9635","Smart v5"
"KS-3311","Development Completed","14660,2075666667","Smart v5"
"KS-3311","Development Started","3029,51613333333","Smart v5"
"KS-3311","In Progress","4,74953333333333","Smart v5"
"KS-3310","Development Started","0,3057","Smart v5"
"KS-3310","Development Completed","16479,7474166667","Smart v5"
"KS-3309","Development Started","0,238316666666667","Smart v5"
"KS-3308","Development Started","36,3959","Smart v5"
"KS-3308","Development Completed","5897,64646666667","Smart v5"
"KS-3308","Approved","0,0962166666666667","Smart v5"
"KS-3308","Testing started","0,0746833333333333","Smart v5"
"KS-3306","Development Started","2765,03665","Smart v4.5.01"
"KS-3306","Development Completed","18,8812666666667","Smart v4.5.01"
"KS-3306","Development Started","0,192233333333333","Smart v4.5.01"
"KS-3306","Development Completed","7173,07135","Smart v4.5.01"
"KS-3306","Development Started","38,3245833333333","Smart v4.5.01"
"KS-3306","Development Completed","0,0463833333333333","Smart v4.5.01"
"KS-3306","Approved","3002,49638333333","Smart v4.5.01"
"KS-3306","Development Started","132,5232","Smart v4.5.01"
"KS-3306","In Progress","1054,77713333333","Smart v4.5.01"
"KS-3306","Development Completed","244,79075","Smart v4.5.01"
"KS-3306","Deploying","1040,57331666667","Smart v4.5.01"
"KS-3306","Approved","4438,95938333333","Smart v4.5.01"
"KS-3306","Testing started","46,6666166666667","Smart v4.5.01"
"KS-3303","Development Started","7228,32288333333","Smart v4.5.01"
"KS-3303","In Progress","11917,1404833333","Smart v4.5.01"
"KS-3303","Development Started","1352,6411","Smart v4.5.01"
"KS-3303","In Progress","0,76465","Smart v4.5.01"
"KS-3303","Development Started","5567,8561","Smart v4.5.01"
"KS-3303","Development Completed","0,19045","Smart v4.5.01"
"KS-3303","Development Started","201,374916666667","Smart v4.5.01"
"KS-3303","Development Completed","7,09318333333333","Smart v4.5.01"
"KS-3303","Deploying","979,987133333333","Smart v4.5.01"
"KS-3303","Approved","407,456316666667","Smart v4.5.01"
"KS-3303","Testing started","8462,63485","Smart v4.5.01"
"KS-3302","Development Started","1329,82445","Smart v4.5.01"
"KS-3302","In Progress","4433,8333","Smart v4.5.01"
"KS-3302","Issue Specified","0,0719833333333333","Smart v4.5.01"
"KS-3302","Development Started","4218,12103333333","Smart v4.5.01"
"KS-3302","Development Completed","2857,38803333333","Smart v4.5.01"
"KS-3302","Deploying","115,812183333333","Smart v4.5.01"
"KS-3302","Approved","1515,48846666667","Smart v4.5.01"
"KS-3302","Testing started","1480,55358333333","Smart v4.5.01"
"KS-3302","Testing completed","4218,64883333333","Smart v4.5.01"
"KS-3302","Testing started","0,05455","Smart v4.5.01"
"KS-3302","Approved","0,0293166666666667","Smart v4.5.01"
"KS-3302","Development Completed","109,858266666667","Smart v4.5.01"
"KS-3302","Deploying","3,59668333333333","Smart v4.5.01"
"KS-3302","Approved","0,0303333333333333","Smart v4.5.01"
"KS-3302","Testing started","0,0226833333333333","Smart v4.5.01"
"KS-3301","Development Started","1330,69436666667","Smart v4.5.01"
"KS-3301","In Progress","4433,6258","Smart v4.5.01"
"KS-3301","Issue Specified","0,0802333333333333","Smart v4.5.01"
"KS-3301","Development Started","4217,99251666667","Smart v4.5.01"
"KS-3301","Development Completed","2857,62166666667","Smart v4.5.01"
"KS-3301","Deploying","115,953116666667","Smart v4.5.01"
"KS-3301","Approved","1515,32725","Smart v4.5.01"
"KS-3301","Testing started","1617,08165","Smart v4.5.01"
"KS-3301","Testing completed","4081,9705","Smart v4.5.01"
"KS-3301","Testing started","0,0987","Smart v4.5.01"
"KS-3301","Approved","0,03235","Smart v4.5.01"
"KS-3301","Development Completed","109,99225","Smart v4.5.01"
"KS-3301","Deploying","3,37913333333333","Smart v4.5.01"
"KS-3301","Approved","0,0928","Smart v4.5.01"
"KS-3301","Testing started","0,0499","Smart v4.5.01"
"KS-3301","Testing completed","5578,75285","Smart v4.5.01"
"KS-3301","Testing started","0,187983333333333","Smart v4.5.01"
"KS-3301","Development Started","95,5476833333333","Smart v4.5.01"
"KS-3301","Development Completed","21,02975","Smart v4.5.01"
"KS-3301","Deploying","4067,8351","Smart v4.5.01"
"KS-3301","Approved","49,96775","Smart v4.5.01"
"KS-3301","Testing started","31,11695","Smart v4.5.01"
"KS-3299","Development Started","125,73705","Smart v4.5.01"
"KS-3299","In Progress","1626,5844","Smart v4.5.01"
"KS-3299","Development Completed","1063,94115","Smart v4.5.01"
"KS-3299","Deploying","10,5486","Smart v4.5.01"
"KS-3299","Approved","0,0687833333333333","Smart v4.5.01"
"KS-3299","Testing started","0,0426833333333333","Smart v4.5.01"
"KS-3298","Development Started","1179,86588333333","Smart v4.6.01"
"KS-3298","Issue Specified","1428,93918333333","Smart v4.6.01"
"KS-3298","Development Started","8753,41535","Smart v4.6.01"
"KS-3298","In Progress","2947,27516666667","Smart v4.6.01"
"KS-3298","Issue Specified","0,47935","Smart v4.6.01"
"KS-3298","Development Started","132,208366666667","Smart v4.6.01"
"KS-3298","In Progress","4017,4426","Smart v4.6.01"
"KS-3294","Development Started","0,395566666666667","Smart v4.5.01"
"KS-3294","Development Completed","33257,9347833333","Smart v4.5.01"
"KS-3294","Approved","0,242633333333333","Smart v4.5.01"
"KS-3294","Testing started","1,48193333333333","Smart v4.5.01"
"KS-3292","Development Started","1043,26711666667","Smart v4.5.01"
"KS-3292","Development Completed","59,5317166666667","Smart v4.5.01"
"KS-3292","Approved","0,145983333333333","Smart v4.5.01"
"KS-3292","Deploying","6060,44305","Smart v4.5.01"
"KS-3292","Approved","4279,52728333333","Smart v4.5.01"
"KS-3292","Testing started","4264,02623333333","Smart v4.5.01"
"KS-3292","Approved","15572,0329","Smart v4.5.01"
"KS-3291","Development Started","10,8795","Smart v4.4.05"
"KS-3291","In Progress","24,1722666666667","Smart v4.4.05"
"KS-3291","Development Completed","4,11598333333333","Smart v4.4.05"
"KS-3291","Deploying","224,1443","Smart v4.4.05"
"KS-3291","Approved","0,0305666666666667","Smart v4.4.05"
"KS-3291","Testing started","0,154733333333333","Smart v4.4.05"
"KS-3289","Development Started","1938,49823333333","Smart v4.5.01"
"KS-3289","Development Completed","1104,62558333333","Smart v4.5.01"
"KS-3289","Deploying","52,3916","Smart v4.5.01"
"KS-3289","Approved","2728,37863333333","Smart v4.5.01"
"KS-3289","Testing started","10229,5933","Smart v4.5.01"
"KS-3286","Development Started","1532,63883333333","Smart v4.5.01"
"KS-3286","Development Completed","33179,2699666667","Smart v4.5.01"
"KS-3286","Approved","0,264316666666667","Smart v4.5.01"
"KS-3286","Testing started","1,3225","Smart v4.5.01"
"KS-3285","Development Started","41,1883333333333","Smart v4.5.01"
"KS-3285","Issue Specified","18,2411833333333","Smart v4.5.01"
"KS-3285","Development Started","7072,99323333333","Smart v4.5.01"
"KS-3285","Development Completed","1806,44303333333","Smart v4.5.01"
"KS-3285","Deploying","74,41315","Smart v4.5.01"
"KS-3285","Approved","4248,02173333333","Smart v4.5.01"
"KS-3285","Testing started","13,5360666666667","Smart v4.5.01"
"KS-3282","Development Started","0,641983333333333","Smart v4.5.01"
"KS-3282","Development Completed","706,219","Smart v4.5.01"
"KS-3282","Approved","0,136116666666667","Smart v4.5.01"
"KS-3282","Testing started","0,0415833333333333","Smart v4.5.01"
"KS-3282","Testing completed","0,5559","Smart v4.5.01"
"KS-3282","Testing completed","31955,98185","Smart v4.5.01"
"KS-3282","Testing started","0,200466666666667","Smart v4.5.01"
"KS-3282","Approved","0,0484166666666667","Smart v4.5.01"
"KS-3282","Development Completed","0,0360333333333333","Smart v4.5.01"
"KS-3282","Development Started","20,0855333333333","Smart v4.5.01"
"KS-3282","In Progress","0,11645","Smart v4.5.01"
"KS-3282","Development Completed","1322,22181666667","Smart v4.5.01"
"KS-3282","Approved","0,560433333333333","Smart v4.5.01"
"KS-3282","Testing started","0,513883333333333","Smart v4.5.01"
"KS-3280","Development Started","1390,8445","Smart v4.5.01"
"KS-3280","Issue Specified","1411,78098333333","Smart v4.5.01"
"KS-3280","Development Started","1513,25333333333","Smart v4.5.01"
"KS-3280","In Progress","7159,42845","Smart v4.5.01"
"KS-3280","Development Completed","1681,55333333333","Smart v4.5.01"
"KS-3280","Deploying","1044,26401666667","Smart v4.5.01"
"KS-3280","Approved","6073,60766666667","Smart v4.5.01"
"KS-3280","Testing started","0,063","Smart v4.5.01"
"KS-3279","Development Started","25,6357","Smart v4.6.01"
"KS-3279","Suspended","32027,6566166667","Smart v4.6.01"
"KS-3279","Development Completed","0,1449","Smart v4.6.01"
"KS-3279","Development Started","0,0701333333333333","Smart v4.6.01"
"KS-3275","Development Started","0,506583333333333","Smart v4.4.01"
"KS-3275","Development Completed","1035,10023333333","Smart v4.4.01"
"KS-3275","Deploying","255,15335","Smart v4.4.01"
"KS-3275","Approved","0,155466666666667","Smart v4.4.01"
"KS-3275","Testing started","0,225033333333333","Smart v4.4.01"
"KS-3271","Development Started","0,890816666666667","Smart v4.4.01"
"KS-3271","Development Completed","1,39498333333333","Smart v4.4.01"
"KS-3271","Approved","0,0380833333333333","Smart v4.4.01"
"KS-3271","Testing started","0,02885","Smart v4.4.01"
"KS-3271","Testing completed","0,215483333333333","Smart v4.4.01"
"KS-3269","Development Started","213,19215","Smart v4.6.01"
"KS-3268","Development Started","1324,0356","Smart v4.6.01"
"KS-3267","Development Started","7010,972","Smart v4.5.01"
"KS-3267","Development Completed","10234,1039666667","Smart v4.5.01"
"KS-3267","Deploying","112,8554","Smart v4.5.01"
"KS-3267","Approved","1011,21668333333","Smart v4.5.01"
"KS-3267","Testing started","224,474783333333","Smart v4.5.01"
"KS-3266","Development Started","0,58255","Smart v4.5.01"
"KS-3266","Development Completed","8561,77416666667","Smart v4.5.01"
"KS-3266","Development Started","1585,12938333333","Smart v4.5.01"
"KS-3266","Development Completed","9,28293333333333","Smart v4.5.01"
"KS-3266","Deploying","1447,60695","Smart v4.5.01"
"KS-3266","Approved","4152,19196666667","Smart v4.5.01"
"KS-3266","Testing started","1632,81075","Smart v4.5.01"
"KS-3266","Development Started","1328,49085","Smart v4.5.01"
"KS-3266","Development Completed","0,0453","Smart v4.5.01"
"KS-3266","Approved","0,0514","Smart v4.5.01"
"KS-3266","Testing started","0,03715","Smart v4.5.01"
"KS-3265","Development Started","4,40993333333333","Smart v4.4.03"
"KS-3265","Development Completed","1820,84358333333","Smart v4.4.03"
"KS-3265","Deploying","0,156916666666667","Smart v4.4.03"
"KS-3265","Approved","0,142583333333333","Smart v4.4.03"
"KS-3265","Testing started","1023,4592","Smart v4.4.03"
"KS-3264","Development Started","5,48198333333333","Smart v4.4.01"
"KS-3264","Development Completed","2562,92115","Smart v4.4.01"
"KS-3264","Deploying","37,6746666666667","Smart v4.4.01"
"KS-3264","Approved","79,9625333333333","Smart v4.4.01"
"KS-3264","Testing started","1429,56685","Smart v4.4.01"
"KS-3263","Development Started","1447,02053333333","Smart v4.4.09"
"KS-3258","Development Started","0,31965","Smart v4.4.01"
"KS-3258","Issue Specified","10,1449666666667","Smart v4.4.01"
"KS-3258","Development Started","2879,93688333333","Smart v4.4.01"
"KS-3258","Development Completed","1775,4515","Smart v4.4.01"
"KS-3258","Approved","27,5187666666667","Smart v4.4.01"
"KS-3258","Testing started","9,4975","Smart v4.4.01"
"KS-3252","Development Started","2923,31693333333","Smart v4.4.01"
"KS-3252","Development Completed","173,8383","Smart v4.4.01"
"KS-3252","Deploying","25,6656666666667","Smart v4.4.01"
"KS-3252","Approved","18,7826333333333","Smart v4.4.01"
"KS-3252","Testing started","1331,69881666667","Smart v4.4.01"
"KS-3252","Development Started","157,325566666667","Smart v4.4.01"
"KS-3252","Development Completed","0,06575","Smart v4.4.01"
"KS-3252","Approved","0,933883333333333","Smart v4.4.01"
"KS-3252","Testing started","30,5692333333333","Smart v4.4.01"
"KS-3250","Development Started","7120,84811666667","Smart v4.4.01"
"KS-3250","Development Completed","1293,5205","Smart v4.4.01"
"KS-3250","Approved","0,20015","Smart v4.4.01"
"KS-3250","Testing started","0,0378333333333333","Smart v4.4.01"
"KS-3248","Development Started","679,466016666667","Smart v4.3.02"
"KS-3248","Development Completed","0,15375","Smart v4.3.02"
"KS-3248","Approved","0,0454166666666667","Smart v4.3.02"
"KS-3248","Testing started","51,2370166666667","Smart v4.3.02"
"KS-3247","Development Started","1374,32448333333","Smart v4.4.01"
"KS-3247","Development Completed","5497,12886666667","Smart v4.4.01"
"KS-3247","Deploying","3171,98821666667","Smart v4.4.01"
"KS-3247","Approved","1016,9362","Smart v4.4.01"
"KS-3247","Testing started","52,2347333333333","Smart v4.4.01"
"KS-3235","Development Started","10010,8247166667","Smart v4.5.01"
"KS-3235","Development Completed","5628,83338333333","Smart v4.5.01"
"KS-3235","Development Started","0,15505","Smart v4.5.01"
"KS-3235","In Progress","71,8191166666667","Smart v4.5.01"
"KS-3235","Development Completed","2,14081666666667","Smart v4.5.01"
"KS-3235","Development Started","209,284916666667","Smart v4.5.01"
"KS-3235","Development Completed","4232,16983333333","Smart v4.5.01"
"KS-3235","Deploying","19,5864333333333","Smart v4.5.01"
"KS-3235","Approved","42,54535","Smart v4.5.01"
"KS-3235","Testing started","4444,76418333333","Smart v4.5.01"
"KS-3234","Development Started","169,052366666667","Smart v4.5.01"
"KS-3234","Development Completed","1337,29348333333","Smart v4.5.01"
"KS-3234","Deploying","6086,75433333333","Smart v4.5.01"
"KS-3234","Approved","4192,37901666667","Smart v4.5.01"
"KS-3234","Testing started","6999,62566666667","Smart v4.5.01"
"KS-3233","Development Started","1243,60933333333","Smart v4.5.01"
"KS-3233","Development Completed","149,154366666667","Smart v4.5.01"
"KS-3233","Development Started","5645,43655","Smart v4.5.01"
"KS-3233","In Progress","263,96075","Smart v4.5.01"
"KS-3233","Development Completed","92,6070166666667","Smart v4.5.01"
"KS-3233","Deploying","26,3353333333333","Smart v4.5.01"
"KS-3233","Approved","4192,31071666667","Smart v4.5.01"
"KS-3233","Testing started","6999,89156666667","Smart v4.5.01"
"KS-3230","Development Started","109,562416666667","Smart v4.5.01"
"KS-3230","Development Completed","5687,5828","Smart v4.5.01"
"KS-3230","Development Started","0,320383333333333","Smart v4.5.01"
"KS-3230","In Progress","314,438366666667","Smart v4.5.01"
"KS-3230","Development Completed","64,2122666666667","Smart v4.5.01"
"KS-3230","Deploying","1,60918333333333","Smart v4.5.01"
"KS-3230","Approved","4191,94336666667","Smart v4.5.01"
"KS-3230","Testing started","7000,11536666667","Smart v4.5.01"
"KS-3229","Development Started","361,80785","Smart v4.5.01"
"KS-3229","Development Completed","5436,08235","Smart v4.5.01"
"KS-3229","Development Started","0,2034","Smart v4.5.01"
"KS-3229","In Progress","313,815383333333","Smart v4.5.01"
"KS-3229","Development Completed","82,1479333333333","Smart v4.5.01"
"KS-3229","Deploying","4132,95141666667","Smart v4.5.01"
"KS-3229","Approved","42,8150166666667","Smart v4.5.01"
"KS-3229","Testing started","7000,40523333333","Smart v4.5.01"
"KS-3228","Development Started","44,7693","Smart v4.6.01"
"KS-3226","Development Started","1129,70386666667","Smart v4.5.01"
"KS-3226","Development Completed","302,827933333333","Smart v4.5.01"
"KS-3226","Deploying","8653,51571666667","Smart v4.5.01"
"KS-3226","Approved","1041,00635","Smart v4.5.01"
"KS-3226","Testing started","416,003833333333","Smart v4.5.01"
"KS-3225","Development Started","256,2244","Smart v4.5.01"
"KS-3225","Development Completed","1043,19696666667","Smart v4.5.01"
"KS-3225","Deploying","7585,30611666667","Smart v4.5.01"
"KS-3225","Approved","1041,31916666667","Smart v4.5.01"
"KS-3225","Testing started","413,990983333333","Smart v4.5.01"
"KS-3224","Development Started","1214,75223333333","Smart v4.5.01"
"KS-3224","Development Completed","1282,73158333333","Smart v4.5.01"
"KS-3224","Development Started","25,1562166666667","Smart v4.5.01"
"KS-3224","Development Completed","152,558666666667","Smart v4.5.01"
"KS-3224","Deploying","7421,02963333333","Smart v4.5.01"
"KS-3224","Approved","1041,35023333333","Smart v4.5.01"
"KS-3224","Testing started","1561,31348333333","Smart v4.5.01"
"KS-3223","Development Started","10643,83425","Smart v4.4.01"
"KS-3223","Development Completed","3,0019","Smart v4.4.01"
"KS-3223","Approved","1817,70138333333","Smart v4.4.01"
"KS-3223","Testing started","14,6457166666667","Smart v4.4.01"
"KS-3222","Development Started","0,0950166666666667","Smart v4.3.02"
"KS-3222","Development Completed","1561,03781666667","Smart v4.3.02"
"KS-3222","Approved","0,0587166666666667","Smart v4.3.02"
"KS-3222","Testing started","1,06073333333333","Smart v4.3.02"
"KS-3221","Development Started","2301,22603333333","Smart v4.3.02"
"KS-3221","Issue Specified","0,0440666666666667","Smart v4.3.02"
"KS-3221","Development Started","0,516666666666667","Smart v4.3.02"
"KS-3221","Development Completed","17,1463833333333","Smart v4.3.02"
"KS-3221","Approved","26,60975","Smart v4.3.02"
"KS-3221","Testing started","0,0216833333333333","Smart v4.3.02"
"KS-3218","Development Started","8692,98603333333","Smart v4.5.01"
"KS-3218","Issue Specified","6917,52671666667","Smart v4.5.01"
"KS-3218","Development Started","174,925083333333","Smart v4.5.01"
"KS-3218","In Progress","238,951483333333","Smart v4.5.01"
"KS-3218","Development Completed","8442,01593333333","Smart v4.5.01"
"KS-3218","Approved","2680,36548333333","Smart v4.5.01"
"KS-3218","Testing started","1480,60711666667","Smart v4.5.01"
"KS-3217","Development Started","4416,43058333333","Smart v4.5.01"
"KS-3217","Development Completed","1135,74411666667","Smart v4.5.01"
"KS-3217","Deploying","10477,56405","Smart v4.5.01"
"KS-3217","Approved","2529,02923333333","Smart v4.5.01"
"KS-3217","Testing started","372,899816666667","Smart v4.5.01"
"KS-3211","Development Started","4379,01156666667","Smart v4.5.01"
"KS-3211","Development Completed","1136,45546666667","Smart v4.5.01"
"KS-3211","Deploying","10477,6169166667","Smart v4.5.01"
"KS-3211","Approved","2529,0529","Smart v4.5.01"
"KS-3211","Testing started","15860,1072666667","Smart v4.5.01"
"KS-3211","Approved","105,862683333333","Smart v4.5.01"
"KS-3211","Testing started","60,5828166666667","Smart v4.5.01"
"KS-3211","Approved","4144,52496666667","Smart v4.5.01"
"KS-3211","Testing started","58,0019833333333","Smart v4.5.01"
"KS-3210","Development Started","3081,78015","Smart v4.5.01"
"KS-3210","Development Completed","7375,11673333333","Smart v4.5.01"
"KS-3210","Deploying","35,3587666666667","Smart v4.5.01"
"KS-3210","Approved","1594,74598333333","Smart v4.5.01"
"KS-3210","Testing started","983,383583333333","Smart v4.5.01"
"KS-3209","Development Started","123,81295","Smart v4.5.01"
"KS-3209","Issue Specified","29114,7710833333","Smart v4.5.01"
"KS-3209","Development Started","1186,03423333333","Smart v4.5.01"
"KS-3209","Issue Specified","0,1883","Smart v4.5.01"
"KS-3200","Development Started","184,3621","Smart v4.5.01"
"KS-3200","In Progress","21,1188333333333","Smart v4.5.01"
"KS-3200","Development Completed","4143,84271666667","Smart v4.5.01"
"KS-3200","Approved","0,07915","Smart v4.5.01"
"KS-3200","Development Completed","2764,57013333333","Smart v4.5.01"
"KS-3200","Approved","0,0854166666666667","Smart v4.5.01"
"KS-3200","Testing started","0,0583333333333333","Smart v4.5.01"
"KS-3199","Development Started","1326,33145","Smart v4.5.01"
"KS-3199","Development Completed","4,76381666666667","Smart v4.5.01"
"KS-3199","Development Started","27,5055666666667","Smart v4.5.01"
"KS-3199","Development Completed","15988,2336833333","Smart v4.5.01"
"KS-3199","Deploying","11763,1300833333","Smart v4.5.01"
"KS-3199","Approved","4249,95106666667","Smart v4.5.01"
"KS-3199","Testing started","30,0434","Smart v4.5.01"
"KS-3197","Development Started","33,95195","Smart v4.4.01"
"KS-3197","Development Completed","4,21216666666667","Smart v4.4.01"
"KS-3197","Deploying","3157,97188333333","Smart v4.4.01"
"KS-3197","Approved","1017,05888333333","Smart v4.4.01"
"KS-3197","Testing started","51,9284666666667","Smart v4.4.01"
"KS-3196","Development Started","0,0653333333333333","Smart v4.4.03"
"KS-3196","Development Completed","4391,16263333333","Smart v4.4.03"
"KS-3196","Approved","18529,6921","Smart v4.4.03"
"KS-3196","Testing started","0,0204","Smart v4.4.03"
"KS-3195","Development Started","1401,59316666667","Smart v4.5.01"
"KS-3195","Suspended","383,10565","Smart v4.5.01"
"KS-3195","Development Completed","18,6202666666667","Smart v4.5.01"
"KS-3195","Development Started","4081,92756666667","Smart v4.5.01"
"KS-3195","Development Completed","5936,77873333333","Smart v4.5.01"
"KS-3195","Deploying","76,5770666666667","Smart v4.5.01"
"KS-3195","Approved","2897,88185","Smart v4.5.01"
"KS-3195","Testing started","1139,6923","Smart v4.5.01"
"KS-3195","Development Started","4409,73201666667","Smart v4.5.01"
"KS-3195","In Progress","2771,97843333333","Smart v4.5.01"
"KS-3195","Development Completed","27,5415833333333","Smart v4.5.01"
"KS-3195","Deploying","64,4216833333333","Smart v4.5.01"
"KS-3195","Approved","1210,47013333333","Smart v4.5.01"
"KS-3195","Testing started","1604,85115","Smart v4.5.01"
"KS-3192","Development Started","1485,32573333333","Smart v4.4.01"
"KS-3192","Development Completed","149,229366666667","Smart v4.4.01"
"KS-3192","Deploying","156,66465","Smart v4.4.01"
"KS-3192","Approved","1044,99596666667","Smart v4.4.01"
"KS-3192","Testing started","53,2312666666667","Smart v4.4.01"
"KS-3191","Development Started","20388,4002833333","Smart v4.5.01"
"KS-3191","Development Completed","10065,3448833333","Smart v4.5.01"
"KS-3191","Development Started","12965,1883166667","Smart v4.5.01"
"KS-3191","Development Completed","15733,8092666667","Smart v4.5.01"
"KS-3191","Deploying","2654,42886666667","Smart v4.5.01"
"KS-3191","Approved","139,134683333333","Smart v4.5.01"
"KS-3191","Testing started","14,4201333333333","Smart v4.5.01"
"KS-3189","Development Started","1087,64426666667","Smart v4.4.01"
"KS-3189","Development Completed","11575,0773833333","Smart v4.4.01"
"KS-3189","Deploying","180,432366666667","Smart v4.4.01"
"KS-3189","Approved","1131,01313333333","Smart v4.4.01"
"KS-3189","Testing started","21,3126166666667","Smart v4.4.01"
"KS-3188","Development Started","2524,60758333333","System.Object[]"
"KS-3188","Development Completed","536,019583333333","System.Object[]"
"KS-3188","Approved","0,0272666666666667","System.Object[]"
"KS-3188","Testing started","0,0235166666666667","System.Object[]"
"KS-3188","Testing completed","1256,38051666667","System.Object[]"
"KS-3188","Testing started","0,0649","System.Object[]"
"KS-3188","Approved","0,0603333333333333","System.Object[]"
"KS-3188","Testing started","0,0404","System.Object[]"
"KS-3188","Development Started","5395,05241666667","System.Object[]"
"KS-3188","Development Completed","0,0568833333333333","System.Object[]"
"KS-3188","Approved","2,2618","System.Object[]"
"KS-3188","Testing started","0,0260333333333333","System.Object[]"
"KS-3185","Development Started","0,155633333333333","Smart v4.6.01"
"KS-3185","Issue Specified","0,0535166666666667","Smart v4.6.01"
"KS-3185","Development Started","13051,2318333333","Smart v4.6.01"
"KS-3185","Development Completed","1077,14983333333","Smart v4.6.01"
"KS-3185","Approved","0,137816666666667","Smart v4.6.01"
"KS-3185","Testing started","10,1392333333333","Smart v4.6.01"
"KS-3185","Testing completed","0,422666666666667","Smart v4.6.01"
"KS-3184","Development Started","131,883366666667","Smart v4.2.04"
"KS-3184","Development Completed","4071,82725","Smart v4.2.04"
"KS-3184","Deploying","0,267033333333333","Smart v4.2.04"
"KS-3184","Approved","18,7045","Smart v4.2.04"
"KS-3184","Testing started","25,7531666666667","Smart v4.2.04"
"KS-3182","Development Started","4291,31668333333","Smart v4.2.04"
"KS-3182","Development Completed","0,0440666666666667","Smart v4.2.04"
"KS-3182","Approved","38,4665833333333","Smart v4.2.04"
"KS-3182","Testing started","0,0396333333333333","Smart v4.2.04"
"KS-3176","Development Started","0,6408","Smart v4.5.01"
"KS-3176","Development Completed","1161,28165","Smart v4.5.01"
"KS-3176","Approved","0,19385","Smart v4.5.01"
"KS-3176","Development Completed","26,20035","Smart v4.5.01"
"KS-3176","Approved","0,0504166666666667","Smart v4.5.01"
"KS-3176","Testing started","0,0717666666666667","Smart v4.5.01"
"KS-3175","Development Started","38920,2453333333","Smart v4.6.01"
"KS-3174","Development Started","127,799866666667","Smart v4.5.01"
"KS-3174","Development Completed","1162,97651666667","Smart v4.5.01"
"KS-3174","Approved","0,202733333333333","Smart v4.5.01"
"KS-3174","Development Completed","1,45663333333333","Smart v4.5.01"
"KS-3174","Approved","0,0446833333333333","Smart v4.5.01"
"KS-3174","Testing started","0,0450166666666667","Smart v4.5.01"
"KS-3173","Development Started","0,312766666666667","Smart v4.5.01"
"KS-3173","Development Completed","1162,10955","Smart v4.5.01"
"KS-3173","Approved","0,207916666666667","Smart v4.5.01"
"KS-3173","Development Completed","0,892416666666667","Smart v4.5.01"
"KS-3173","Approved","0,0421166666666667","Smart v4.5.01"
"KS-3173","Testing started","0,0713833333333333","Smart v4.5.01"
"KS-3171","Development Started","30,3702","Smart v4.2.03"
"KS-3171","Development Completed","13,9445","Smart v4.2.03"
"KS-3171","Deploying","0,501566666666667","Smart v4.2.03"
"KS-3171","Development Completed","143,042083333333","Smart v4.2.03"
"KS-3171","Deploying","0,02265","Smart v4.2.03"
"KS-3171","Approved","0,31215","Smart v4.2.03"
"KS-3171","Deploying","0,0529333333333333","Smart v4.2.03"
"KS-3171","Approved","6,21501666666667","Smart v4.2.03"
"KS-3171","Testing started","106,7202","Smart v4.2.03"
"KS-3170","Development Started","26165,5004333333","Smart v4.5.01"
"KS-3170","Development Completed","10111,2816666667","Smart v4.5.01"
"KS-3170","Deploying","32,7871833333333","Smart v4.5.01"
"KS-3170","Approved","2560,2091","Smart v4.5.01"
"KS-3170","Testing started","175,683583333333","Smart v4.5.01"
"KS-3168","Development Started","28,6350666666667","Smart v4.5.01"
"KS-3168","Issue Specified","4079,32826666667","Smart v4.5.01"
"KS-3168","Development Started","1436,62901666667","Smart v4.5.01"
"KS-3168","Issue Specified","8890,63258333333","Smart v4.5.01"
"KS-3168","Development Started","2515,68986666667","Smart v4.5.01"
"KS-3168","Development Completed","81,8621833333333","Smart v4.5.01"
"KS-3168","Deploying","46,4336333333333","Smart v4.5.01"
"KS-3168","Approved","7226,80756666667","Smart v4.5.01"
"KS-3168","Testing started","122,06465","Smart v4.5.01"
"KS-3168","Development Started","1550,34113333333","Smart v4.5.01"
"KS-3168","Development Completed","0,13705","Smart v4.5.01"
"KS-3168","Approved","2,99753333333333","Smart v4.5.01"
"KS-3168","Testing started","0,817433333333333","Smart v4.5.01"
"KS-3167","Development Started","409,499733333333","Smart v4.6.01"
"KS-3164","Development Started","70,9998333333333","Smart v4.6.01"
"KS-3162","Development Started","23443,5552166667","Smart v4.5.01"
"KS-3162","Development Completed","0,203666666666667","Smart v4.5.01"
"KS-3162","Approved","2543,93366666667","Smart v4.5.01"
"KS-3162","Testing started","17,6335333333333","Smart v4.5.01"
"KS-3158","Development Started","1535,90755","Smart v4.6.01"
"KS-3158","Issue Specified","11437,2832666667","Smart v4.6.01"
"KS-3158","Development Started","24,9448666666667","Smart v4.6.01"
"KS-3158","In Progress","4361,58931666667","Smart v4.6.01"
"KS-3158","Development Completed","2498,94711666667","Smart v4.6.01"
"KS-3156","Development Started","278,94345","Smart v4.5.01"
"KS-3156","Development Completed","25889,3233666667","Smart v4.5.01"
"KS-3156","Development Started","180,103183333333","Smart v4.5.01"
"KS-3156","Development Completed","1403,94593333333","Smart v4.5.01"
"KS-3156","Development Started","1215,87225","Smart v4.5.01"
"KS-3156","Development Completed","45,2634166666667","Smart v4.5.01"
"KS-3156","Approved","0,234383333333333","Smart v4.5.01"
"KS-3156","Deploying","1247,53166666667","Smart v4.5.01"
"KS-3156","Approved","0,04465","Smart v4.5.01"
"KS-3156","Testing started","0,0369333333333333","Smart v4.5.01"
"KS-3155","Development Started","69,9032","Smart v4.2.03"
"KS-3155","Development Completed","0,0379","Smart v4.2.03"
"KS-3155","Deploying","36,0114833333333","Smart v4.2.03"
"KS-3155","Approved","997,598116666667","Smart v4.2.03"
"KS-3155","Development Started","187,184166666667","Smart v4.2.03"
"KS-3155","Development Completed","0,0873333333333333","Smart v4.2.03"
"KS-3155","Approved","32,4664833333333","Smart v4.2.03"
"KS-3155","Testing started","20,6290666666667","Smart v4.2.03"
"KS-3155","Development Started","1213,19113333333","Smart v4.2.03"
"KS-3155","Development Completed","0,751416666666667","Smart v4.2.03"
"KS-3155","Deploying","33,3798333333333","Smart v4.2.03"
"KS-3155","Approved","0,0297333333333333","Smart v4.2.03"
"KS-3155","Testing started","0,04785","Smart v4.2.03"
"KS-3154","Development Started","33,6183833333333","Smart v4.2.03"
"KS-3154","Development Completed","8,29261666666667","Smart v4.2.03"
"KS-3154","Deploying","20,9076666666667","Smart v4.2.03"
"KS-3154","Approved","75,4379666666667","Smart v4.2.03"
"KS-3154","Testing started","0,0328666666666667","Smart v4.2.03"
"KS-3154","Development Started","262,584966666667","Smart v4.2.03"
"KS-3154","Development Completed","22,4925","Smart v4.2.03"
"KS-3154","Deploying","35,9242666666667","Smart v4.2.03"
"KS-3154","Approved","1017,11476666667","Smart v4.2.03"
"KS-3154","Testing started","73,5004833333333","Smart v4.2.03"
"KS-3152","Development Started","0,214633333333333","Smart v4.6.01"
"KS-3152","Development Completed","0,136883333333333","Smart v4.6.01"
"KS-3152","Approved","13164,6337166667","Smart v4.6.01"
"KS-3152","Testing started","67,0519166666667","Smart v4.6.01"
"KS-3152","Approved","0,0753333333333333","Smart v4.6.01"
"KS-3152","Development Completed","0,274733333333333","Smart v4.6.01"
"KS-3152","Deploying","119,6815","Smart v4.6.01"
"KS-3152","Approved","1,41396666666667","Smart v4.6.01"
"KS-3149","Development Started","1381,48411666667","Smart v4.2.03"
"KS-3149","Development Completed","50,2911833333333","Smart v4.2.03"
"KS-3149","Approved","27,5518","Smart v4.2.03"
"KS-3149","Testing started","61,4545166666667","Smart v4.2.03"
"KS-3146","Development Started","5598,6105","Smart v4.4.02"
"KS-3146","Development Completed","0,167166666666667","Smart v4.4.02"
"KS-3146","Approved","98,70655","Smart v4.4.02"
"KS-3146","Testing started","2,256","Smart v4.4.02"
"KS-3139","Development Started","111,773","Smart v4.5.01"
"KS-3139","Development Completed","36,0255166666667","Smart v4.5.01"
"KS-3139","Approved","4294,61833333333","Smart v4.5.01"
"KS-3139","Testing started","212,433466666667","Smart v4.5.01"
"KS-3134","Development Started","11451,4941333333","Smart v4.6.01"
"KS-3134","Development Completed","11566,00975","Smart v4.6.01"
"KS-3128","Development Started","261,100383333333","Smart v4.2.02"
"KS-3128","Development Completed","1137,27336666667","Smart v4.2.02"
"KS-3128","Deploying","76,9949166666667","Smart v4.2.02"
"KS-3128","Approved","15,1106666666667","Smart v4.2.02"
"KS-3128","Testing started","136,493733333333","Smart v4.2.02"
"KS-3127","Development Started","54,5819666666667","Smart v4.2.02"
"KS-3127","Development Completed","1016,48271666667","Smart v4.2.02"
"KS-3127","Deploying","135,73645","Smart v4.2.02"
"KS-3127","Approved","17,8932333333333","Smart v4.2.02"
"KS-3127","Testing started","6,47471666666667","Smart v4.2.02"
"KS-3127","Approved","6,1422","Smart v4.2.02"
"KS-3127","Deploying","4229,1158","Smart v4.2.02"
"KS-3127","Approved","56,05655","Smart v4.2.02"
"KS-3127","Testing started","133,0855","Smart v4.2.02"
"KS-3125","Development Started","113,457316666667","Smart v4.2.02"
"KS-3125","Development Completed","0,0449","Smart v4.2.02"
"KS-3125","Deploying","11,9872","Smart v4.2.02"
"KS-3125","Approved","0,326266666666667","Smart v4.2.02"
"KS-3125","Testing started","0,0311833333333333","Smart v4.2.02"
"KS-3124","Development Started","35,9254333333333","Smart v4.2.02"
"KS-3124","Development Completed","7,09413333333333","Smart v4.2.02"
"KS-3124","Deploying","5457,6663","Smart v4.2.02"
"KS-3124","Approved","399,513383333333","Smart v4.2.02"
"KS-3124","Testing started","3,68318333333333","Smart v4.2.02"
"KS-3118","Development Started","175,476783333333","Smart v4.2.02"
"KS-3118","Development Completed","0,0344333333333333","Smart v4.2.02"
"KS-3118","Deploying","0,0342","Smart v4.2.02"
"KS-3118","Approved","91,3889","Smart v4.2.02"
"KS-3118","Testing started","0,0373","Smart v4.2.02"
"KS-3117","Development Started","129,176616666667","Smart v4.2.02"
"KS-3117","Development Completed","0,0499","Smart v4.2.02"
"KS-3117","Deploying","0,0259833333333333","Smart v4.2.02"
"KS-3117","Approved","45,6214333333333","Smart v4.2.02"
"KS-3117","Development Completed","0,0323","Smart v4.2.02"
"KS-3117","Development Started","1256,47186666667","Smart v4.2.02"
"KS-3117","Suspended","4124,23921666667","Smart v4.2.02"
"KS-3117","Development Completed","0,124983333333333","Smart v4.2.02"
"KS-3117","Development Started","2,87223333333333","Smart v4.2.02"
"KS-3117","Development Completed","0,426983333333333","Smart v4.2.02"
"KS-3117","Approved","159,79985","Smart v4.2.02"
"KS-3117","Testing started","31,7305166666667","Smart v4.2.02"
"KS-3113","Development Started","229,270566666667","Smart v4.2.02"
"KS-3113","Development Completed","4098,18528333333","Smart v4.2.02"
"KS-3113","Deploying","11,7970333333333","Smart v4.2.02"
"KS-3113","Approved","442,006983333333","Smart v4.2.02"
"KS-3113","Testing started","3,36463333333333","Smart v4.2.02"
"KS-3111","Development Started","28965,2676","Smart v4.4.02"
"KS-3111","Development Completed","176,3313","Smart v4.4.02"
"KS-3111","Approved","1245,1231","Smart v4.4.02"
"KS-3111","Testing started","171,060033333333","Smart v4.4.02"
"KS-3105","Development Started","20302,1127666667","Smart v4.4.03"
"KS-3105","Development Completed","1229,37601666667","Smart v4.4.03"
"KS-3105","Approved","55,7616166666667","Smart v4.4.03"
"KS-3105","Testing started","276,83075","Smart v4.4.03"
"KS-3097","Development Started","69,2453833333333","Smart v4.6.01"
"KS-3086","Development Started","28,58785","Smart v4.2.02"
"KS-3086","Development Completed","58,13895","Smart v4.2.02"
"KS-3086","Development Started","1214,61448333333","Smart v4.2.02"
"KS-3086","Development Completed","4283,94001666667","Smart v4.2.02"
"KS-3086","Deploying","4393,54648333333","Smart v4.2.02"
"KS-3086","Approved","274,785433333333","Smart v4.2.02"
"KS-3086","Testing started","124,997766666667","Smart v4.2.02"
"KS-3085","Development Started","5690,688","Smart v4.4.08"
"KS-3085","In Progress","34,6858833333333","Smart v4.4.08"
"KS-3085","Development Completed","0,0691166666666667","Smart v4.4.08"
"KS-3085","Deploying","31,6364666666667","Smart v4.4.08"
"KS-3085","Approved","9,11736666666667","Smart v4.4.08"
"KS-3085","Testing started","135,2361","Smart v4.4.08"
"KS-3080","Development Started","1141,11648333333","Smart v4.5.01"
"KS-3080","Development Completed","23,8214","Smart v4.5.01"
"KS-3080","Deploying","97,2383666666667","Smart v4.5.01"
"KS-3080","Approved","32,0195666666667","Smart v4.5.01"
"KS-3080","Testing started","365,9541","Smart v4.5.01"
"KS-3080","Development Started","1152,7804","Smart v4.5.01"
"KS-3080","Development Completed","1083,75221666667","Smart v4.5.01"
"KS-3080","Deploying","4394,31518333333","Smart v4.5.01"
"KS-3080","Approved","27,1595833333333","Smart v4.5.01"
"KS-3080","Development Completed","30334,8521","Smart v4.5.01"
"KS-3080","Deploying","11762,40645","Smart v4.5.01"
"KS-3080","Approved","18363,7837666667","Smart v4.5.01"
"KS-3080","Testing started","148,846033333333","Smart v4.5.01"
"KS-3080","Approved","1392,18773333333","Smart v4.5.01"
"KS-3080","Testing started","102,460866666667","Smart v4.5.01"
"KS-3066","Development Started","0,169033333333333","Smart v4.6.01"
"KS-3066","Issue Specified","0,313433333333333","Smart v4.6.01"
"KS-3066","Development Started","0,244933333333333","Smart v4.6.01"
"KS-3062","Development Started","12944,5371","Smart v4.5.01"
"KS-3062","Issue Specified","38910,5474","Smart v4.5.01"
"KS-3062","Development Started","0,260966666666667","Smart v4.5.01"
"KS-3062","Issue Specified","1067,15228333333","Smart v4.5.01"
"KS-3061","Development Started","38919,6168833333","Smart v4.4.01"
"KS-3061","Development Completed","1467,52695","Smart v4.4.01"
"KS-3061","Development Started","299,542633333333","Smart v4.4.01"
"KS-3061","Development Completed","1295,44095","Smart v4.4.01"
"KS-3061","Deploying","0,120866666666667","Smart v4.4.01"
"KS-3061","Approved","0,0429166666666667","Smart v4.4.01"
"KS-3061","Testing started","0,03515","Smart v4.4.01"
"KS-3041","Development Started","4,93738333333333","Smart v4.2.02"
"KS-3041","Issue Specified","28,1569166666667","Smart v4.2.02"
"KS-3041","Development Started","42,6257666666667","Smart v4.2.02"
"KS-3041","Development Completed","1000,75183333333","Smart v4.2.02"
"KS-3041","Deploying","4394,91066666667","Smart v4.2.02"
"KS-3041","Approved","35,8906333333333","Smart v4.2.02"
"KS-3041","Testing started","239,8439","Smart v4.2.02"
"KS-2970","Development Started","0,14135","Smart v4.5.01"
"KS-2970","Development Completed","18622,7887333333","Smart v4.5.01"
"KS-2970","Deploying","11762,128","Smart v4.5.01"
"KS-2970","Approved","8321,37855","Smart v4.5.01"
"KS-2970","Testing started","84,9742333333333","Smart v4.5.01"
"KS-2970","Development Started","1325,70465","Smart v4.5.01"
"KS-2970","Development Completed","0,172083333333333","Smart v4.5.01"
"KS-2970","Deploying","114,539333333333","Smart v4.5.01"
"KS-2970","Approved","72,7184333333333","Smart v4.5.01"
"KS-2970","Testing started","36,8068833333333","Smart v4.5.01"
"KS-2970","Approved","0,206866666666667","Smart v4.5.01"
"KS-2970","Deploying","1197,66285","Smart v4.5.01"
"KS-2970","Approved","1367,85086666667","Smart v4.5.01"
"KS-2970","Testing started","196,648016666667","Smart v4.5.01"
"KS-2969","Development Started","67,481","Smart v4.5.01"
"KS-2969","Issue Specified","23114,2469","Smart v4.5.01"
"KS-2969","Development Started","4166,05445","Smart v4.5.01"
"KS-2969","Issue Specified","14642,37295","Smart v4.5.01"
"KS-2969","Development Started","0,300266666666667","Smart v4.5.01"
"KS-2969","Development Completed","15619,58355","Smart v4.5.01"
"KS-2969","Deploying","11760,0316666667","Smart v4.5.01"
"KS-2969","Approved","2920,55471666667","Smart v4.5.01"
"KS-2969","Testing started","1265,54595","Smart v4.5.01"
"KS-2969","Approved","4135,49301666667","Smart v4.5.01"
"KS-2969","Testing started","89,3965333333333","Smart v4.5.01"
"KS-2969","Development Started","1320,74856666667","Smart v4.5.01"
"KS-2969","In Progress","0,273983333333333","Smart v4.5.01"
"KS-2969","Development Completed","0,0798666666666667","Smart v4.5.01"
"KS-2969","Deploying","115,050316666667","Smart v4.5.01"
"KS-2969","Approved","72,5550333333333","Smart v4.5.01"
"KS-2969","Testing started","36,78705","Smart v4.5.01"
"KS-2969","Approved","0,211966666666667","Smart v4.5.01"
"KS-2969","Deploying","1197,66638333333","Smart v4.5.01"
"KS-2969","Approved","122,853883333333","Smart v4.5.01"
"KS-2969","Testing started","237,549716666667","Smart v4.5.01"
"KS-2968","Development Started","2815,15138333333","Smart v4.2.02"
"KS-2968","Issue Specified","117,56125","Smart v4.2.02"
"KS-2968","Development Started","13,5081833333333","Smart v4.2.02"
"KS-2968","Issue Specified","7368,49066666667","Smart v4.2.02"
"KS-2968","Development Started","2650,01721666667","Smart v4.2.02"
"KS-2968","Development Completed","72,2366833333333","Smart v4.2.02"
"KS-2968","Deploying","30,50965","Smart v4.2.02"
"KS-2968","Approved","1581,38178333333","Smart v4.2.02"
"KS-2968","Testing started","229,475966666667","Smart v4.2.02"
"KS-2968","Development Started","3951,95083333333","Smart v4.2.02"
"KS-2968","Development Completed","0,0433833333333333","Smart v4.2.02"
"KS-2968","Deploying","0,0290333333333333","Smart v4.2.02"
"KS-2968","Approved","59,6133666666667","Smart v4.2.02"
"KS-2968","Testing started","0,0322166666666667","Smart v4.2.02"
"KS-2968","Development Started","1213,443","Smart v4.2.02"
"KS-2968","Development Completed","145,592766666667","Smart v4.2.02"
"KS-2968","Deploying","23,1699666666667","Smart v4.2.02"
"KS-2968","Approved","1353,59068333333","Smart v4.2.02"
"KS-2968","Testing started","0,03735","Smart v4.2.02"
"KS-2968","Development Started","1719,43145","Smart v4.2.02"
"KS-2968","Development Completed","1041,56375","Smart v4.2.02"
"KS-2968","Deploying","4394,03503333333","Smart v4.2.02"
"KS-2968","Approved","279,37865","Smart v4.2.02"
"KS-2968","Testing started","101,713333333333","Smart v4.2.02"
"KS-2968","Testing completed","2422,9706","Smart v4.2.02"
"KS-2968","Testing started","0,147716666666667","Smart v4.2.02"
"KS-2966","Development Started","10347,04625","Smart v4.5.01"
"KS-2966","Development Completed","47,1258166666667","Smart v4.5.01"
"KS-2966","Deploying","14,4510333333333","Smart v4.5.01"
"KS-2966","Approved","1509,46446666667","Smart v4.5.01"
"KS-2966","Testing started","168,093566666667","Smart v4.5.01"
"KS-2966","Development Started","1007,4729","Smart v4.5.01"
"KS-2966","Suspended","4197,28826666667","Smart v4.5.01"
"KS-2966","Development Completed","0,0541333333333333","Smart v4.5.01"
"KS-2966","Development Started","0,0960666666666667","Smart v4.5.01"
"KS-2966","Issue Specified","30281,30025","Smart v4.5.01"
"KS-2966","Development Started","282,50975","Smart v4.5.01"
"KS-2966","Suspended","1463,90628333333","Smart v4.5.01"
"KS-2966","Development Completed","9858,78735","Smart v4.5.01"
"KS-2966","Development Started","1649,91561666667","Smart v4.5.01"
"KS-2966","Suspended","11295,2280833333","Smart v4.5.01"
"KS-2966","Development Completed","0,51345","Smart v4.5.01"
"KS-2966","Development Started","5938,64853333333","Smart v4.5.01"
"KS-2932","Development Started","2760,065","Smart v4.6.01"
"KS-2932","Issue Specified","9957,18846666667","Smart v4.6.01"
"KS-2932","Suspended","0,182033333333333","Smart v4.6.01"
"KS-2932","Development Completed","0,38565","Smart v4.6.01"
"KS-2932","Development Started","0,59015","Smart v4.6.01"
"KS-2812","Development Started","28,0685833333333","Smart v4.5.01"
"KS-2739","Development Started","1545,14298333333","Smart v4.4.01"
"KS-2739","Development Completed","78,8549666666667","Smart v4.4.01"
"KS-2739","Deploying","168,766183333333","Smart v4.4.01"
"KS-2739","Approved","1076,67611666667","Smart v4.4.01"
"KS-2739","Testing started","48,0532666666667","Smart v4.4.01"
"KS-2534","Design Started","7217,26625","Smart v4.6.01"
"KS-2534","Development Started","13106,671","Smart v4.6.01"
"KS-2534","Issue Specified","69080,5969833333","Smart v4.6.01"
"KS-2534","Development Started","79,5093","Smart v4.6.01"
"KS-2534","Issue Specified","14390,1093833333","Smart v4.6.01"
"KS-2532","Design Started","34453,9354833333","Smart v4.5.01"
"KS-2532","Development Started","8683,57078333333","Smart v4.5.01"
"KS-2532","Issue Specified","7197,70543333333","Smart v4.5.01"
"KS-2532","Development Started","51985,38285","Smart v4.5.01"
"KS-2485","Development Started","18961,1763833333","Smart v4.5.01"
"KS-2485","Development Completed","2592,62651666667","Smart v4.5.01"
"KS-2485","Deploying","126,132266666667","Smart v4.5.01"
"KS-2485","Approved","2853,04653333333","Smart v4.5.01"
"KS-2485","Testing started","189,406983333333","Smart v4.5.01"
"KS-2256","Development Started","4258,91261666667","Smart v4.2.02"
"KS-2256","Development Completed","0,604333333333333","Smart v4.2.02"
"KS-2256","Deploying","1,11843333333333","Smart v4.2.02"
"KS-2256","Approved","186,369816666667","Smart v4.2.02"
"KS-2256","Testing started","62,0135166666667","Smart v4.2.02"
"KS-2256","Development Started","114,530016666667","Smart v4.2.02"
"KS-2256","Development Completed","9,5663","Smart v4.2.02"
"KS-2256","Deploying","0,0317666666666667","Smart v4.2.02"
"KS-2256","Approved","28,6661","Smart v4.2.02"
"KS-2256","Testing started","9,59405","Smart v4.2.02"
"KS-1658","Development Started","31,5889833333333","Smart v4.5.01"
"KS-1658","In Progress","64,1079833333333","Smart v4.5.01"
"KS-1658","Development Completed","88,57505","Smart v4.5.01"
"KS-1658","Deploying","147,088516666667","Smart v4.5.01"
"KS-1658","Approved","1083,24881666667","Smart v4.5.01"
"KS-1658","Testing started","1620,2227","Smart v4.5.01"
